0,1457671029,2,0, internal,,
1,1457671029,2,0, internal,,
2,1457671029,2,0, internal,,
2,1457671030,3,0, sent,1,
1,1457671030,3,0, internal,,
2,1457671030,4,0, internal,,
0,1457671030,4,0, recieved,2,3
2,1457671030,5,0, sent,3,
1,1457671030,6,0, recieved,2,5
2,1457671030,6,0, internal,,
0,1457671030,6,0, recieved,2,5
1,1457671030,7,0, internal,,
2,1457671030,7,0, sent,3,
2,1457671031,8,0, internal,,
1,1457671031,8,0, recieved,2,7
2,1457671031,9,0, internal,,
0,1457671031,8,0, recieved,2,7
2,1457671031,10,0, internal,,
1,1457671031,9,0, internal,,
2,1457671031,11,0, internal,,
0,1457671031,9,0, internal,,
1,1457671031,10,0, sent,2,
2,1457671031,12,0, recieved,1,10
2,1457671032,13,0, sent,1,
1,1457671032,11,0, internal,,
2,1457671032,14,0, sent,1,
0,1457671032,14,1, recieved,2,13
2,1457671032,15,0, internal,,
1,1457671032,12,0, internal,,
2,1457671032,16,0, sent,1,
0,1457671032,15,1, recieved,2,14
1,1457671032,13,0, internal,,
2,1457671032,17,0, sent,3,
2,1457671033,18,0, sent,2,
1,1457671033,18,1, recieved,2,17
2,1457671033,19,0, internal,,
0,1457671033,17,1, recieved,2,16
2,1457671033,20,0, internal,,
1,1457671033,19,0, recieved,2,18
2,1457671033,21,0, internal,,
0,1457671033,18,0, recieved,2,17
1,1457671033,20,0, internal,,
2,1457671033,22,0, sent,1,
2,1457671034,23,0, internal,,
1,1457671034,21,0, sent,3,
2,1457671034,24,0, recieved,1,21
0,1457671034,23,1, recieved,2,22
2,1457671034,25,0, internal,,
1,1457671034,22,0, internal,,
2,1457671034,26,0, internal,,
0,1457671034,24,0, recieved,1,21
1,1457671034,23,0, internal,,
2,1457671034,27,0, internal,,
2,1457671035,28,0, sent,2,
1,1457671035,29,0, recieved,2,28
2,1457671035,29,0, internal,,
0,1457671035,25,0, sent,1,
2,1457671035,30,0, internal,,
1,1457671035,30,0, recieved,0,25
2,1457671035,31,0, internal,,
0,1457671035,26,0, internal,,
1,1457671035,31,0, internal,,
2,1457671035,32,0, internal,,
2,1457671036,33,0, sent,2,
1,1457671036,34,0, recieved,2,33
2,1457671036,34,0, internal,,
0,1457671036,27,0, internal,,
2,1457671036,35,0, sent,1,
1,1457671036,35,0, sent,2,
2,1457671036,36,0, recieved,1,35
0,1457671036,36,0, recieved,2,35
1,1457671036,36,0, internal,,
2,1457671036,37,0, internal,,
2,1457671037,38,0, internal,,
1,1457671037,37,0, internal,,
2,1457671037,39,0, sent,3,
0,1457671037,40,0, recieved,2,39
2,1457671037,40,0, sent,3,
1,1457671037,40,1, recieved,2,39
2,1457671037,41,0, internal,,
0,1457671037,41,0, recieved,2,40
1,1457671037,41,0, recieved,2,40
2,1457671037,42,0, internal,,
2,1457671038,43,0, internal,,
1,1457671038,42,0, internal,,
2,1457671038,44,0, internal,,
0,1457671038,42,0, sent,1,
2,1457671038,45,0, internal,,
1,1457671038,43,0, recieved,0,42
2,1457671038,46,0, internal,,
0,1457671038,43,0, internal,,
1,1457671038,44,0, internal,,
2,1457671038,47,0, internal,,
2,1457671039,48,0, internal,,
1,1457671039,45,0, internal,,
2,1457671039,49,0, internal,,
0,1457671039,44,0, internal,,
2,1457671039,50,0, sent,2,
1,1457671039,51,0, recieved,2,50
2,1457671039,51,0, sent,1,
0,1457671039,52,0, recieved,2,51
1,1457671039,52,0, sent,1,
2,1457671039,52,0, internal,,
2,1457671040,53,0, sent,1,
1,1457671040,53,0, sent,2,
2,1457671040,54,0, recieved,1,53
0,1457671040,53,1, recieved,1,52
2,1457671040,55,0, internal,,
1,1457671040,54,0, internal,,
2,1457671040,56,0, internal,,
0,1457671040,54,0, recieved,2,53
1,1457671040,55,0, internal,,
2,1457671040,57,0, internal,,
2,1457671041,58,0, internal,,
1,1457671041,56,0, internal,,
2,1457671041,59,0, sent,1,
0,1457671041,60,0, recieved,2,59
2,1457671041,60,0, internal,,
1,1457671041,57,0, internal,,
2,1457671041,61,0, internal,,
0,1457671041,61,0, internal,,
1,1457671041,58,0, sent,1,
2,1457671041,62,0, internal,,
2,1457671042,63,0, internal,,
1,1457671042,59,0, sent,2,
2,1457671042,64,0, recieved,1,59
0,1457671042,62,0, recieved,1,58
2,1457671042,65,0, sent,1,
1,1457671042,60,0, internal,,
2,1457671042,66,0, sent,3,
0,1457671042,66,1, recieved,2,65
1,1457671042,67,0, recieved,2,66
2,1457671042,67,0, internal,,
2,1457671043,68,0, internal,,
1,1457671043,68,0, internal,,
2,1457671043,69,0, sent,2,
0,1457671043,67,0, recieved,2,66
2,1457671043,70,0, internal,,
1,1457671043,70,0, recieved,2,69
2,1457671043,71,0, sent,3,
0,1457671043,72,0, recieved,2,71
1,1457671043,72,0, recieved,2,71
2,1457671043,72,0, internal,,
2,1457671044,73,0, sent,2,
1,1457671044,74,0, recieved,2,73
2,1457671044,74,0, internal,,
0,1457671044,73,0, internal,,
2,1457671044,75,0, sent,2,
1,1457671044,76,0, recieved,2,75
2,1457671044,76,0, internal,,
0,1457671044,74,0, sent,2,
1,1457671044,77,0, sent,1,
2,1457671044,77,0, recieved,0,74
2,1457671045,78,0, internal,,
1,1457671045,78,0, internal,,
2,1457671045,79,0, internal,,
0,1457671045,78,0, recieved,1,77
2,1457671045,80,0, internal,,
1,1457671045,79,0, internal,,
2,1457671045,81,0, sent,1,
0,1457671045,82,0, recieved,2,81
1,1457671045,80,0, internal,,
2,1457671045,82,0, internal,,
2,1457671046,83,0, internal,,
1,1457671046,81,0, internal,,
2,1457671046,84,0, sent,3,
0,1457671046,85,0, recieved,2,84
2,1457671046,85,0, internal,,
1,1457671046,85,0, recieved,2,84
2,1457671046,86,0, sent,2,
0,1457671046,86,0, internal,,
1,1457671046,87,0, recieved,2,86
2,1457671046,87,0, internal,,
2,1457671047,88,0, internal,,
1,1457671047,88,0, internal,,
2,1457671047,89,0, sent,1,
0,1457671047,90,0, recieved,2,89
2,1457671047,90,0, internal,,
1,1457671047,89,0, internal,,
2,1457671047,91,0, internal,,
0,1457671047,91,0, internal,,
1,1457671047,90,0, internal,,
2,1457671047,92,0, internal,,
2,1457671048,93,0, internal,,
1,1457671048,91,0, internal,,
2,1457671048,94,0, internal,,
0,1457671048,92,0, internal,,
2,1457671048,95,0, internal,,
1,1457671048,92,0, sent,3,
2,1457671048,96,0, recieved,1,92
0,1457671048,93,0, recieved,1,92
1,1457671048,93,0, sent,1,
2,1457671048,97,0, sent,1,
2,1457671049,98,0, sent,3,
1,1457671049,99,0, recieved,2,98
2,1457671049,99,0, internal,,
0,1457671049,94,2, recieved,1,93
2,1457671049,100,0, internal,,
1,1457671049,100,0, internal,,
2,1457671049,101,0, internal,,
0,1457671049,98,1, recieved,2,97
1,1457671049,101,0, sent,3,
2,1457671049,102,0, recieved,1,101
2,1457671050,103,0, internal,,
1,1457671050,102,0, sent,3,
2,1457671050,104,0, recieved,1,102
0,1457671050,99,2, recieved,2,98
2,1457671050,105,0, internal,,
1,1457671050,103,0, internal,,
2,1457671050,106,0, internal,,
0,1457671050,102,1, recieved,1,101
1,1457671050,104,0, internal,,
2,1457671050,107,0, internal,,
2,1457671051,108,0, internal,,
1,1457671051,105,0, internal,,
2,1457671051,109,0, sent,3,
0,1457671051,103,1, recieved,1,102
2,1457671051,110,0, internal,,
1,1457671051,110,0, recieved,2,109
2,1457671051,111,0, internal,,
0,1457671051,110,0, recieved,2,109
1,1457671051,111,0, sent,1,
2,1457671051,112,0, internal,,
2,1457671052,113,0, internal,,
1,1457671052,112,0, internal,,
2,1457671052,114,0, internal,,
0,1457671052,112,0, recieved,1,111
2,1457671052,115,0, sent,3,
1,1457671052,116,0, recieved,2,115
2,1457671052,116,0, internal,,
0,1457671052,116,0, recieved,2,115
1,1457671052,117,0, internal,,
2,1457671052,117,0, internal,,
2,1457671053,118,0, sent,2,
1,1457671053,119,0, recieved,2,118
2,1457671053,119,0, sent,2,
0,1457671053,117,0, internal,,
2,1457671053,120,0, internal,,
1,1457671053,120,0, recieved,2,119
2,1457671053,121,0, internal,,
0,1457671053,118,0, internal,,
1,1457671053,121,0, internal,,
2,1457671053,122,0, internal,,
2,1457671054,123,0, sent,3,
1,1457671054,124,0, recieved,2,123
2,1457671054,124,0, sent,3,
0,1457671054,124,1, recieved,2,123
2,1457671054,125,0, internal,,
1,1457671054,125,0, recieved,2,124
2,1457671054,126,0, internal,,
0,1457671054,125,0, recieved,2,124
1,1457671054,126,0, sent,1,
2,1457671054,127,0, internal,,
2,1457671055,128,0, sent,1,
1,1457671055,127,0, internal,,
2,1457671055,129,0, internal,,
0,1457671055,127,1, recieved,1,126
2,1457671055,130,0, internal,,
1,1457671055,128,0, internal,,
2,1457671055,131,0, internal,,
0,1457671055,129,0, recieved,2,128
1,1457671055,129,0, internal,,
2,1457671055,132,0, internal,,
2,1457671056,133,0, sent,2,
1,1457671056,134,0, recieved,2,133
2,1457671056,134,0, internal,,
0,1457671056,130,0, sent,1,
2,1457671056,135,0, sent,2,
1,1457671056,135,1, recieved,0,130
2,1457671056,136,0, sent,1,
0,1457671056,137,0, recieved,2,136
1,1457671056,136,0, recieved,2,135
2,1457671056,137,0, internal,,
2,1457671057,138,0, internal,,
1,1457671057,137,0, internal,,
2,1457671057,139,0, internal,,
0,1457671057,138,0, sent,3,
2,1457671057,140,0, recieved,0,138
1,1457671057,139,0, recieved,0,138
2,1457671057,141,0, internal,,
0,1457671057,139,0, internal,,
1,1457671057,140,0, sent,3,
2,1457671057,142,0, recieved,1,140
2,1457671058,143,0, internal,,
1,1457671058,141,0, internal,,
2,1457671058,144,0, internal,,
0,1457671058,141,0, recieved,1,140
2,1457671058,145,0, internal,,
1,1457671058,142,0, internal,,
2,1457671058,146,0, sent,1,
0,1457671058,147,0, recieved,2,146
1,1457671058,143,0, sent,2,
2,1457671058,147,0, recieved,1,143
2,1457671059,148,0, internal,,
1,1457671059,144,0, sent,3,
2,1457671059,149,0, recieved,1,144
0,1457671059,148,0, recieved,1,144
2,1457671059,150,0, sent,2,
1,1457671059,151,0, recieved,2,150
2,1457671059,151,0, sent,3,
0,1457671059,152,0, recieved,2,151
1,1457671059,152,0, recieved,2,151
2,1457671059,152,0, internal,,
2,1457671060,153,0, internal,,
1,1457671060,153,0, internal,,
2,1457671060,154,0, internal,,
0,1457671060,153,0, internal,,
2,1457671060,155,0, internal,,
1,1457671060,154,0, internal,,
2,1457671060,156,0, internal,,
0,1457671060,154,0, internal,,
1,1457671060,155,0, internal,,
2,1457671060,157,0, internal,,
2,1457671061,158,0, internal,,
1,1457671061,156,0, internal,,
2,1457671061,159,0, internal,,
0,1457671061,155,0, sent,1,
2,1457671061,160,0, internal,,
1,1457671061,157,0, recieved,0,155
2,1457671061,161,0, sent,1,
0,1457671061,162,0, recieved,2,161
1,1457671061,158,0, internal,,
2,1457671061,162,0, internal,,
2,1457671062,163,0, internal,,
1,1457671062,159,0, sent,1,
2,1457671062,164,0, internal,,
0,1457671062,163,0, recieved,1,159
2,1457671062,165,0, internal,,
1,1457671062,160,0, internal,,
2,1457671062,166,0, sent,3,
0,1457671062,167,0, recieved,2,166
1,1457671062,167,0, recieved,2,166
2,1457671062,167,0, internal,,
2,1457671063,168,0, internal,,
1,1457671063,168,0, sent,1,
2,1457671063,169,0, sent,3,
0,1457671063,169,1, recieved,1,168
2,1457671063,170,0, internal,,
1,1457671063,170,0, recieved,2,169
2,1457671063,171,0, internal,,
0,1457671063,170,0, recieved,2,169
1,1457671063,171,0, internal,,
2,1457671063,172,0, internal,,
2,1457671064,173,0, internal,,
1,1457671064,172,0, internal,,
2,1457671064,174,0, sent,2,
0,1457671064,171,0, sent,2,
2,1457671064,175,0, recieved,0,171
1,1457671064,175,0, recieved,2,174
2,1457671064,176,0, sent,2,
0,1457671064,172,0, internal,,
1,1457671064,177,0, recieved,2,176
2,1457671064,177,0, internal,,
2,1457671065,178,0, sent,2,
1,1457671065,179,0, recieved,2,178
2,1457671065,179,0, internal,,
0,1457671065,173,0, internal,,
2,1457671065,180,0, internal,,
1,1457671065,180,0, internal,,
2,1457671065,181,0, internal,,
0,1457671065,174,0, internal,,
1,1457671065,181,0, sent,2,
2,1457671065,182,0, recieved,1,181
2,1457671066,183,0, sent,1,
1,1457671066,182,0, internal,,
2,1457671066,184,0, internal,,
0,1457671066,184,0, recieved,2,183
2,1457671066,185,0, internal,,
1,1457671066,183,0, internal,,
2,1457671066,186,0, internal,,
0,1457671066,185,0, sent,3,
1,1457671066,186,0, recieved,0,185
2,1457671066,187,0, recieved,0,185
2,1457671067,188,0, sent,3,
1,1457671067,189,0, recieved,2,188
2,1457671067,189,0, internal,,
0,1457671067,189,0, recieved,2,188
2,1457671067,190,0, internal,,
1,1457671067,190,0, internal,,
2,1457671067,191,0, internal,,
0,1457671067,190,0, internal,,
1,1457671067,191,0, internal,,
2,1457671067,192,0, internal,,
2,1457671068,193,0, internal,,
1,1457671068,192,0, sent,1,
2,1457671068,194,0, internal,,
0,1457671068,193,0, recieved,1,192
2,1457671068,195,0, sent,2,
1,1457671068,196,0, recieved,2,195
2,1457671068,196,0, internal,,
0,1457671068,194,0, internal,,
1,1457671068,197,0, internal,,
2,1457671068,197,0, internal,,
2,1457671069,198,0, internal,,
1,1457671069,198,0, internal,,
2,1457671069,199,0, internal,,
0,1457671069,195,0, internal,,
2,1457671069,200,0, internal,,
1,1457671069,199,0, internal,,
2,1457671069,201,0, internal,,
0,1457671069,196,0, internal,,
1,1457671069,200,0, internal,,
2,1457671069,202,0, internal,,
2,1457671070,203,0, internal,,
1,1457671070,201,0, internal,,
2,1457671070,204,0, internal,,
0,1457671070,197,0, internal,,
2,1457671070,205,0, internal,,
1,1457671070,202,0, internal,,
2,1457671070,206,0, internal,,
0,1457671070,198,0, internal,,
1,1457671070,203,0, internal,,
2,1457671070,207,0, internal,,
2,1457671071,208,0, sent,3,
1,1457671071,209,0, recieved,2,208
2,1457671071,209,0, internal,,
0,1457671071,209,0, recieved,2,208
2,1457671071,210,0, internal,,
1,1457671071,210,0, internal,,
2,1457671071,211,0, internal,,
0,1457671071,210,0, sent,3,
1,1457671071,211,0, recieved,0,210
2,1457671071,212,0, recieved,0,210
2,1457671072,213,0, internal,,
1,1457671072,212,0, internal,,
2,1457671072,214,0, sent,2,
0,1457671072,211,0, sent,2,
2,1457671072,215,0, recieved,0,211
1,1457671072,215,0, recieved,2,214
2,1457671072,216,0, internal,,
0,1457671072,212,0, internal,,
1,1457671072,216,0, sent,3,
2,1457671072,217,0, recieved,1,216
2,1457671073,218,0, internal,,
1,1457671073,217,0, sent,2,
2,1457671073,219,0, recieved,1,217
0,1457671073,217,0, recieved,1,216
2,1457671073,220,0, sent,2,
1,1457671073,221,0, recieved,2,220
2,1457671073,221,0, sent,3,
0,1457671073,222,0, recieved,2,221
1,1457671073,222,0, recieved,2,221
2,1457671073,222,0, internal,,
2,1457671074,223,0, internal,,
1,1457671074,223,0, internal,,
2,1457671074,224,0, internal,,
0,1457671074,223,0, internal,,
2,1457671074,225,0, internal,,
1,1457671074,224,0, internal,,
2,1457671074,226,0, internal,,
0,1457671074,224,0, internal,,
1,1457671074,225,0, internal,,
2,1457671074,227,0, internal,,
2,1457671075,228,0, sent,3,
1,1457671075,229,0, recieved,2,228
2,1457671075,229,0, sent,2,
0,1457671075,229,0, recieved,2,228
2,1457671075,230,0, internal,,
1,1457671075,230,0, recieved,2,229
2,1457671075,231,0, sent,3,
0,1457671075,232,0, recieved,2,231
1,1457671075,232,0, recieved,2,231
2,1457671075,232,0, sent,1,
2,1457671076,233,0, internal,,
1,1457671076,233,0, internal,,
2,1457671076,234,0, sent,3,
0,1457671076,233,1, recieved,2,232
2,1457671076,235,0, sent,3,
1,1457671076,235,1, recieved,2,234
2,1457671076,236,0, internal,,
0,1457671076,235,1, recieved,2,234
1,1457671076,236,0, recieved,2,235
2,1457671076,237,0, sent,3,
2,1457671077,238,0, internal,,
1,1457671077,238,0, recieved,2,237
2,1457671077,239,0, internal,,
0,1457671077,236,1, recieved,2,235
2,1457671077,240,0, internal,,
1,1457671077,239,0, internal,,
2,1457671077,241,0, internal,,
0,1457671077,238,0, recieved,2,237
1,1457671077,240,0, internal,,
2,1457671077,242,0, internal,,
2,1457671078,243,0, internal,,
1,1457671078,241,0, internal,,
2,1457671078,244,0, sent,3,
0,1457671078,245,0, recieved,2,244
2,1457671078,245,0, internal,,
1,1457671078,245,0, recieved,2,244
2,1457671078,246,0, internal,,
0,1457671078,246,0, sent,1,
1,1457671078,247,0, recieved,0,246
2,1457671078,247,0, internal,,
2,1457671079,248,0, internal,,
1,1457671079,248,0, sent,2,
2,1457671079,249,0, recieved,1,248
0,1457671079,247,0, internal,,
2,1457671079,250,0, internal,,
1,1457671079,249,0, sent,2,
2,1457671079,251,0, recieved,1,249
0,1457671079,248,0, internal,,
1,1457671079,250,0, internal,,
2,1457671079,252,0, internal,,
2,1457671080,253,0, internal,,
1,1457671080,251,0, internal,,
2,1457671080,254,0, internal,,
0,1457671080,249,0, internal,,
2,1457671080,255,0, internal,,
1,1457671080,252,0, sent,1,
2,1457671080,256,0, internal,,
0,1457671080,253,0, recieved,1,252
1,1457671080,253,0, sent,2,
2,1457671080,257,0, recieved,1,253
2,1457671081,258,0, internal,,
1,1457671081,254,0, internal,,
2,1457671081,259,0, sent,2,
0,1457671081,254,0, internal,,
2,1457671081,260,0, internal,,
1,1457671081,260,0, recieved,2,259
2,1457671081,261,0, internal,,
0,1457671081,255,0, sent,2,
1,1457671081,261,0, internal,,
2,1457671081,262,0, recieved,0,255
2,1457671082,263,0, internal,,
1,1457671082,262,0, internal,,
2,1457671082,264,0, internal,,
0,1457671082,256,0, internal,,
2,1457671082,265,0, internal,,
1,1457671082,263,0, internal,,
2,1457671082,266,0, internal,,
0,1457671082,257,0, internal,,
1,1457671082,264,0, internal,,
2,1457671082,267,0, sent,3,
2,1457671083,268,0, internal,,
1,1457671083,268,0, recieved,2,267
2,1457671083,269,0, internal,,
0,1457671083,268,0, recieved,2,267
2,1457671083,270,0, sent,1,
1,1457671083,269,0, internal,,
2,1457671083,271,0, internal,,
0,1457671083,271,0, recieved,2,270
1,1457671083,270,0, internal,,
2,1457671083,272,0, internal,,
2,1457671084,273,0, internal,,
1,1457671084,271,0, sent,3,
2,1457671084,274,0, recieved,1,271
0,1457671084,272,0, recieved,1,271
2,1457671084,275,0, internal,,
1,1457671084,272,0, internal,,
2,1457671084,276,0, internal,,
0,1457671084,273,0, internal,,
1,1457671084,273,0, internal,,
2,1457671084,277,0, sent,1,
2,1457671085,278,0, internal,,
1,1457671085,274,0, internal,,
2,1457671085,279,0, internal,,
0,1457671085,278,0, recieved,2,277
2,1457671085,280,0, internal,,
1,1457671085,275,0, sent,2,
2,1457671085,281,0, recieved,1,275
0,1457671085,279,0, sent,1,
1,1457671085,280,0, recieved,0,279
2,1457671085,282,0, sent,3,
2,1457671086,283,0, internal,,
1,1457671086,283,0, recieved,2,282
2,1457671086,284,0, internal,,
0,1457671086,283,0, recieved,2,282
2,1457671086,285,0, sent,2,
1,1457671086,286,0, recieved,2,285
2,1457671086,286,0, sent,2,
0,1457671086,284,0, internal,,
1,1457671086,287,0, recieved,2,286
2,1457671086,287,0, internal,,
2,1457671087,288,0, sent,1,
1,1457671087,288,0, internal,,
2,1457671087,289,0, internal,,
0,1457671087,289,0, recieved,2,288
2,1457671087,290,0, internal,,
1,1457671087,289,0, sent,2,
2,1457671087,291,0, recieved,1,289
0,1457671087,290,0, sent,3,
1,1457671087,291,0, recieved,0,290
2,1457671087,292,0, recieved,0,290
2,1457671088,293,0, internal,,
1,1457671088,292,0, internal,,
2,1457671088,294,0, sent,3,
0,1457671088,295,0, recieved,2,294
2,1457671088,295,0, sent,3,
1,1457671088,295,1, recieved,2,294
2,1457671088,296,0, internal,,
0,1457671088,296,0, recieved,2,295
1,1457671088,296,0, recieved,2,295
2,1457671088,297,0, internal,,
2,1457671089,298,0, internal,,
1,1457671089,297,0, sent,1,
2,1457671089,299,0, sent,2,
0,1457671089,298,0, recieved,1,297
2,1457671089,300,0, sent,1,
1,1457671089,300,0, recieved,2,299
2,1457671089,301,0, sent,1,